Name,C,C++,Java,Javascript,Ruby,PHP,Python,ASP,Status,Profile
Acton,4,0,8,2,0,4,0,5,"https://s3-ap-southeast-1.amazonaws.com/pykih-public-docs/marketing-collateral/works/red.png","[View](http://pykih.com)"
Adair,8,6,7,4,8,5,5,6,"https://s3-ap-southeast-1.amazonaws.com/pykih-public-docs/marketing-collateral/works/green.png","[View](http://pykih.com)"
Addie,4,7,6,8,9,6,1,4,"https://s3-ap-southeast-1.amazonaws.com/pykih-public-docs/marketing-collateral/works/orange.png","[View](http://pykih.com)"
Addison,10,9,4,1,6,9,5,1,"https://s3-ap-southeast-1.amazonaws.com/pykih-public-docs/marketing-collateral/works/red.png","[View](http://pykih.com)"
Adeline,10,4,8,8,1,4,3,0,"https://s3-ap-southeast-1.amazonaws.com/pykih-public-docs/marketing-collateral/works/orange.png","[View](http://pykih.com)"
Adelyn,10,0,7,10,5,3,6,8,"https://s3-ap-southeast-1.amazonaws.com/pykih-public-docs/marketing-collateral/works/red.png","[View](http://pykih.com)"
Albert,10,6,6,3,7,0,1,7,"https://s3-ap-southeast-1.amazonaws.com/pykih-public-docs/marketing-collateral/works/orange.png","[View](http://pykih.com)"
Axton,3,2,1,9,9,2,3,8,"https://s3-ap-southeast-1.amazonaws.com/pykih-public-docs/marketing-collateral/works/green.png","[View](http://pykih.com)"
Bailey,3,1,9,6,8,6,10,3,"https://s3-ap-southeast-1.amazonaws.com/pykih-public-docs/marketing-collateral/works/red.png","[View](http://pykih.com)"
Baker,7,4,9,8,2,0,8,3,"https://s3-ap-southeast-1.amazonaws.com/pykih-public-docs/marketing-collateral/works/orange.png","[View](http://pykih.com)"
Baldwin,5,7,5,7,4,5,9,7,"https://s3-ap-southeast-1.amazonaws.com/pykih-public-docs/marketing-collateral/works/orange.png","[View](http://pykih.com)"
Balin,7,1,9,2,4,3,8,8,"https://s3-ap-southeast-1.amazonaws.com/pykih-public-docs/marketing-collateral/works/red.png","[View](http://pykih.com)"
Ballard,1,1,1,5,9,1,6,5,"https://s3-ap-southeast-1.amazonaws.com/pykih-public-docs/marketing-collateral/works/green.png","[View](http://pykih.com)"
Balthasar,10,1,1,7,8,9,2,7,"https://s3-ap-southeast-1.amazonaws.com/pykih-public-docs/marketing-collateral/works/orange.png","[View](http://pykih.com)"
Banjo,10,4,8,10,10,2,3,6,"https://s3-ap-southeast-1.amazonaws.com/pykih-public-docs/marketing-collateral/works/orange.png","[View](http://pykih.com)"
Banks,0,9,8,9,2,0,10,7,"https://s3-ap-southeast-1.amazonaws.com/pykih-public-docs/marketing-collateral/works/orange.png","[View](http://pykih.com)"
Barclay,5,8,8,2,5,4,1,1,"https://s3-ap-southeast-1.amazonaws.com/pykih-public-docs/marketing-collateral/works/red.png","[View](http://pykih.com)"
Cissy,8,6,6,4,5,5,6,3,"https://s3-ap-southeast-1.amazonaws.com/pykih-public-docs/marketing-collateral/works/green.png","[View](http://pykih.com)"
Clare,2,9,2,10,0,2,10,1,"https://s3-ap-southeast-1.amazonaws.com/pykih-public-docs/marketing-collateral/works/orange.png","[View](http://pykih.com)"
Clarence,7,5,9,1,0,9,5,6,"https://s3-ap-southeast-1.amazonaws.com/pykih-public-docs/marketing-collateral/works/green.png","[View](http://pykih.com)"
Clarice,7,10,2,4,6,8,10,6,"https://s3-ap-southeast-1.amazonaws.com/pykih-public-docs/marketing-collateral/works/orange.png","[View](http://pykih.com)"
Clarinda,2,4,4,3,4,5,6,5,"https://s3-ap-southeast-1.amazonaws.com/pykih-public-docs/marketing-collateral/works/orange.png","[View](http://pykih.com)"
Clark,7,0,0,5,1,6,4,8,"https://s3-ap-southeast-1.amazonaws.com/pykih-public-docs/marketing-collateral/works/red.png","[View](http://pykih.com)"
Clarmin,10,4,8,6,1,9,3,0,"https://s3-ap-southeast-1.amazonaws.com/pykih-public-docs/marketing-collateral/works/orange.png","[View](http://pykih.com)"
Clay,10,3,4,8,8,8,2,2,"https://s3-ap-southeast-1.amazonaws.com/pykih-public-docs/marketing-collateral/works/green.png","[View](http://pykih.com)"
Clayland,8,0,3,6,8,0,2,7,"https://s3-ap-southeast-1.amazonaws.com/pykih-public-docs/marketing-collateral/works/orange.png","[View](http://pykih.com)"
Clayne,0,1,0,4,7,10,2,0,"https://s3-ap-southeast-1.amazonaws.com/pykih-public-docs/marketing-collateral/works/orange.png","[View](http://pykih.com)"
Clayton,2,10,4,3,1,4,1,8,"https://s3-ap-southeast-1.amazonaws.com/pykih-public-docs/marketing-collateral/works/red.png","[View](http://pykih.com)"
Cleavant,4,2,9,0,4,5,1,7,"https://s3-ap-southeast-1.amazonaws.com/pykih-public-docs/marketing-collateral/works/green.png","[View](http://pykih.com)"
Dexter,9,7,9,4,2,6,4,6,"https://s3-ap-southeast-1.amazonaws.com/pykih-public-docs/marketing-collateral/works/orange.png","[View](http://pykih.com)"
Dexton,4,6,6,2,10,10,7,4,"https://s3-ap-southeast-1.amazonaws.com/pykih-public-docs/marketing-collateral/works/orange.png","[View](http://pykih.com)"
Dick,4,5,7,2,8,7,7,3,"https://s3-ap-southeast-1.amazonaws.com/pykih-public-docs/marketing-collateral/works/red.png","[View](http://pykih.com)"
Digby,4,7,0,6,5,4,2,8,"https://s3-ap-southeast-1.amazonaws.com/pykih-public-docs/marketing-collateral/works/orange.png","[View](http://pykih.com)"
Dimity,9,2,4,0,7,3,0,4,"https://s3-ap-southeast-1.amazonaws.com/pykih-public-docs/marketing-collateral/works/red.png","[View](http://pykih.com)"
Dixon,5,8,10,0,1,10,7,9,"https://s3-ap-southeast-1.amazonaws.com/pykih-public-docs/marketing-collateral/works/red.png","[View](http://pykih.com)"
Doane,10,1,6,3,1,5,8,3,"https://s3-ap-southeast-1.amazonaws.com/pykih-public-docs/marketing-collateral/works/green.png","[View](http://pykih.com)"
Doctor,6,2,6,6,7,7,10,10,"https://s3-ap-southeast-1.amazonaws.com/pykih-public-docs/marketing-collateral/works/orange.png","[View](http://pykih.com)"
Dominy,4,2,8,4,8,4,4,2,"https://s3-ap-southeast-1.amazonaws.com/pykih-public-docs/marketing-collateral/works/orange.png","[View](http://pykih.com)"
Ernie,3,4,3,4,7,0,9,4,"https://s3-ap-southeast-1.amazonaws.com/pykih-public-docs/marketing-collateral/works/red.png","[View](http://pykih.com)"
Errol,1,0,6,10,1,4,7,1,"https://s3-ap-southeast-1.amazonaws.com/pykih-public-docs/marketing-collateral/works/green.png","[View](http://pykih.com)"
Erv,6,5,4,8,8,1,1,6,"https://s3-ap-southeast-1.amazonaws.com/pykih-public-docs/marketing-collateral/works/orange.png","[View](http://pykih.com)"
Ervin,3,5,10,3,4,4,3,9,"https://s3-ap-southeast-1.amazonaws.com/pykih-public-docs/marketing-collateral/works/red.png","[View](http://pykih.com)"
Essery,7,4,9,1,9,4,6,5,"https://s3-ap-southeast-1.amazonaws.com/pykih-public-docs/marketing-collateral/works/red.png","[View](http://pykih.com)"
Eston,7,1,0,5,8,9,7,1,"https://s3-ap-southeast-1.amazonaws.com/pykih-public-docs/marketing-collateral/works/orange.png","[View](http://pykih.com)"
Etta,2,3,6,0,10,6,4,8,"https://s3-ap-southeast-1.amazonaws.com/pykih-public-docs/marketing-collateral/works/red.png","[View](http://pykih.com)"
Ettian,3,10,2,2,4,0,7,6,"https://s3-ap-southeast-1.amazonaws.com/pykih-public-docs/marketing-collateral/works/red.png","[View](http://pykih.com)"
Evans,2,7,7,8,2,0,7,10,"https://s3-ap-southeast-1.amazonaws.com/pykih-public-docs/marketing-collateral/works/red.png","[View](http://pykih.com)"
Evelyn,8,0,3,2,3,3,9,6,"https://s3-ap-southeast-1.amazonaws.com/pykih-public-docs/marketing-collateral/works/orange.png","[View](http://pykih.com)"
Evie,6,1,5,3,8,3,4,3,"https://s3-ap-southeast-1.amazonaws.com/pykih-public-docs/marketing-collateral/works/green.png","[View](http://pykih.com)"
Evynne,10,7,10,9,8,9,10,8,"https://s3-ap-southeast-1.amazonaws.com/pykih-public-docs/marketing-collateral/works/orange.png","[View](http://pykih.com)"
Eydie,10,1,9,5,1,6,8,4,"https://s3-ap-southeast-1.amazonaws.com/pykih-public-docs/marketing-collateral/works/orange.png","[View](http://pykih.com)"
Falcon,3,6,5,4,8,7,8,1,"https://s3-ap-southeast-1.amazonaws.com/pykih-public-docs/marketing-collateral/works/red.png","[View](http://pykih.com)"
Fancy,0,1,8,8,7,8,7,1,"https://s3-ap-southeast-1.amazonaws.com/pykih-public-docs/marketing-collateral/works/orange.png","[View](http://pykih.com)"
Farley,4,6,3,9,8,4,4,3,"https://s3-ap-southeast-1.amazonaws.com/pykih-public-docs/marketing-collateral/works/red.png","[View](http://pykih.com)"
Farrah,8,9,9,8,3,1,4,3,"https://s3-ap-southeast-1.amazonaws.com/pykih-public-docs/marketing-collateral/works/green.png","[View](http://pykih.com)"
Farren,5,1,4,1,2,10,9,6,"https://s3-ap-southeast-1.amazonaws.com/pykih-public-docs/marketing-collateral/works/orange.png","[View](http://pykih.com)"
Favian,10,3,1,6,10,0,10,6,"https://s3-ap-southeast-1.amazonaws.com/pykih-public-docs/marketing-collateral/works/orange.png","[View](http://pykih.com)"
Gayle,3,2,5,5,2,6,6,7,"https://s3-ap-southeast-1.amazonaws.com/pykih-public-docs/marketing-collateral/works/orange.png","[View](http://pykih.com)"
Gaylord,10,1,8,4,9,6,4,4,"https://s3-ap-southeast-1.amazonaws.com/pykih-public-docs/marketing-collateral/works/red.png","[View](http://pykih.com)"
Gelsey,0,7,8,10,3,1,10,6,"https://s3-ap-southeast-1.amazonaws.com/pykih-public-docs/marketing-collateral/works/orange.png","[View](http://pykih.com)"
Gene,5,7,8,9,3,2,5,9,"https://s3-ap-southeast-1.amazonaws.com/pykih-public-docs/marketing-collateral/works/orange.png","[View](http://pykih.com)"
Gent,1,9,0,1,4,7,8,4,"https://s3-ap-southeast-1.amazonaws.com/pykih-public-docs/marketing-collateral/works/green.png","[View](http://pykih.com)"
Gentry,1,9,0,0,0,3,2,7,"https://s3-ap-southeast-1.amazonaws.com/pykih-public-docs/marketing-collateral/works/red.png","[View](http://pykih.com)"
Geoff,8,5,3,5,2,8,8,7,"https://s3-ap-southeast-1.amazonaws.com/pykih-public-docs/marketing-collateral/works/green.png","[View](http://pykih.com)"
Geoffrey,6,9,5,7,7,0,4,10,"https://s3-ap-southeast-1.amazonaws.com/pykih-public-docs/marketing-collateral/works/orange.png","[View](http://pykih.com)"
Hubert,8,6,8,5,9,9,8,9,"https://s3-ap-southeast-1.amazonaws.com/pykih-public-docs/marketing-collateral/works/orange.png","[View](http://pykih.com)"
Hudd,4,8,4,2,9,0,0,7,"https://s3-ap-southeast-1.amazonaws.com/pykih-public-docs/marketing-collateral/works/orange.png","[View](http://pykih.com)"
Hudson,7,2,5,8,2,9,9,2,"https://s3-ap-southeast-1.amazonaws.com/pykih-public-docs/marketing-collateral/works/red.png","[View](http://pykih.com)"
Hunter,8,4,9,2,3,4,1,4,"https://s3-ap-southeast-1.amazonaws.com/pykih-public-docs/marketing-collateral/works/orange.png","[View](http://pykih.com)"
Huntley,0,6,1,4,4,3,4,9,"https://s3-ap-southeast-1.amazonaws.com/pykih-public-docs/marketing-collateral/works/orange.png","[View](http://pykih.com)"
Huxley,1,0,1,2,10,9,1,5,"https://s3-ap-southeast-1.amazonaws.com/pykih-public-docs/marketing-collateral/works/green.png","[View](http://pykih.com)"
Hy,4,5,9,0,1,6,4,8,"https://s3-ap-southeast-1.amazonaws.com/pykih-public-docs/marketing-collateral/works/green.png","[View](http://pykih.com)"
Idella,8,3,3,7,7,3,10,7,"https://s3-ap-southeast-1.amazonaws.com/pykih-public-docs/marketing-collateral/works/red.png","[View](http://pykih.com)"
Iden,9,1,8,8,0,9,7,7,"https://s3-ap-southeast-1.amazonaws.com/pykih-public-docs/marketing-collateral/works/orange.png","[View](http://pykih.com)"
Iggy,1,6,1,9,2,1,4,4,"https://s3-ap-southeast-1.amazonaws.com/pykih-public-docs/marketing-collateral/works/orange.png","[View](http://pykih.com)"
Imogen,1,4,7,4,3,2,7,2,"https://s3-ap-southeast-1.amazonaws.com/pykih-public-docs/marketing-collateral/works/orange.png","[View](http://pykih.com)"
Ina,4,1,4,1,2,3,0,5,"https://s3-ap-southeast-1.amazonaws.com/pykih-public-docs/marketing-collateral/works/red.png","[View](http://pykih.com)"
Isley,7,0,1,0,10,1,1,8,"https://s3-ap-southeast-1.amazonaws.com/pykih-public-docs/marketing-collateral/works/red.png","[View](http://pykih.com)"
Ives,5,5,1,10,6,5,1,8,"https://s3-ap-southeast-1.amazonaws.com/pykih-public-docs/marketing-collateral/works/red.png","[View](http://pykih.com)"
Ivi,4,7,10,10,0,1,2,0,"https://s3-ap-southeast-1.amazonaws.com/pykih-public-docs/marketing-collateral/works/red.png","[View](http://pykih.com)"
Jacinda,7,9,0,7,0,8,8,0,"https://s3-ap-southeast-1.amazonaws.com/pykih-public-docs/marketing-collateral/works/green.png","[View](http://pykih.com)"
Jack,6,7,6,8,6,3,3,6,"https://s3-ap-southeast-1.amazonaws.com/pykih-public-docs/marketing-collateral/works/orange.png","[View](http://pykih.com)"
Jamese,0,1,2,10,1,0,1,1,"https://s3-ap-southeast-1.amazonaws.com/pykih-public-docs/marketing-collateral/works/orange.png","[View](http://pykih.com)"
Jameson,1,1,10,10,7,2,7,4,"https://s3-ap-southeast-1.amazonaws.com/pykih-public-docs/marketing-collateral/works/red.png","[View](http://pykih.com)"
Jamie,7,0,1,9,10,9,1,6,"https://s3-ap-southeast-1.amazonaws.com/pykih-public-docs/marketing-collateral/works/orange.png","[View](http://pykih.com)"
Rogue,7,2,7,2,7,0,2,5,"https://s3-ap-southeast-1.amazonaws.com/pykih-public-docs/marketing-collateral/works/orange.png","[View](http://pykih.com)"
Ronnie,4,10,6,1,5,1,4,7,"https://s3-ap-southeast-1.amazonaws.com/pykih-public-docs/marketing-collateral/works/red.png","[View](http://pykih.com)"
Rook,8,9,8,1,6,9,0,0,"https://s3-ap-southeast-1.amazonaws.com/pykih-public-docs/marketing-collateral/works/orange.png","[View](http://pykih.com)"
Rosemary,6,4,3,3,6,10,4,8,"https://s3-ap-southeast-1.amazonaws.com/pykih-public-docs/marketing-collateral/works/orange.png","[View](http://pykih.com)"
Rosie,9,3,7,7,9,10,9,0,"https://s3-ap-southeast-1.amazonaws.com/pykih-public-docs/marketing-collateral/works/green.png","[View](http://pykih.com)"
Rowena,5,0,10,10,1,9,8,6,"https://s3-ap-southeast-1.amazonaws.com/pykih-public-docs/marketing-collateral/works/orange.png","[View](http://pykih.com)"
Roxanne,9,7,10,10,3,8,10,7,"https://s3-ap-southeast-1.amazonaws.com/pykih-public-docs/marketing-collateral/works/red.png","[View](http://pykih.com)"
Royce,8,6,10,0,7,3,10,5,"https://s3-ap-southeast-1.amazonaws.com/pykih-public-docs/marketing-collateral/works/orange.png","[View](http://pykih.com)"
Rubina,0,0,5,3,5,1,2,2,"https://s3-ap-southeast-1.amazonaws.com/pykih-public-docs/marketing-collateral/works/green.png","[View](http://pykih.com)"
Rudolph,9,1,10,4,10,1,2,8,"https://s3-ap-southeast-1.amazonaws.com/pykih-public-docs/marketing-collateral/works/orange.png","[View](http://pykih.com)"
Rudyard,9,7,3,1,3,4,4,10,"https://s3-ap-southeast-1.amazonaws.com/pykih-public-docs/marketing-collateral/works/red.png","[View](http://pykih.com)"
Rue,10,3,10,3,3,9,4,1,"https://s3-ap-southeast-1.amazonaws.com/pykih-public-docs/marketing-collateral/works/orange.png","[View](http://pykih.com)"
Rumer,7,5,3,3,7,5,4,4,"https://s3-ap-southeast-1.amazonaws.com/pykih-public-docs/marketing-collateral/works/green.png","[View](http://pykih.com)"
Russell,2,8,1,5,2,10,10,3,"https://s3-ap-southeast-1.amazonaws.com/pykih-public-docs/marketing-collateral/works/green.png","[View](http://pykih.com)"
Trish,10,6,6,0,10,2,10,9,"https://s3-ap-southeast-1.amazonaws.com/pykih-public-docs/marketing-collateral/works/red.png","[View](http://pykih.com)"
